model_name,pressure_gpa,mean_temp_k,std_temp_k,upper_bound_k,lower_bound_k
Model 5: Full-Quadratic,150,2783.6363636363635,167.61822027630245,2951.254583912666,2616.018143360061
Model 5: Full-Quadratic,200,3304.4848484848485,110.45317786076085,3414.938026345609,3194.031670624088
Model 5: Full-Quadratic,400,3895.393939393939,209.23511935112765,4104.629058745068,3686.158820042812
Model 5: Full-Quadratic,600,4606.181818181818,201.0623392859916,4807.24415746781,4405.119478895826
Model 5: Full-Quadratic,800,4959.636363636363,246.52921492357785,5206.1655785599405,4713.107148712786
Model 5: Full-Quadratic,1000,5080.606060606061,320.1761452758046,5400.782205881866,4760.429915330256
