model_name,pressure_gpa,mean_temp_k,std_temp_k,upper_bound_k,lower_bound_k
Model 5: Full-Quadratic,150,3219.3939393939395,446.7024367898346,3666.0963761837743,2772.6915026041047
Model 5: Full-Quadratic,200,3863.393939393939,298.32396217794854,4161.717901571888,3565.069977215991
Model 5: Full-Quadratic,400,4382.545454545455,371.8400675191852,4754.38552206464,4010.70538702627
Model 5: Full-Quadratic,600,4769.939393939395,521.0866092712419,5291.026003210637,4248.852784668153
Model 5: Full-Quadratic,800,4905.333333333334,567.1450128183604,5472.4783461516945,4338.188320514973
Model 5: Full-Quadratic,1000,4966.909090909091,595.5571166187071,5562.466207527798,4371.351974290384
