model_name,pressure_gpa,mean_temp_k,std_temp_k,upper_bound_k,lower_bound_k
Model 2: Interaction,150,3143.3939393939395,191.96001267098956,3335.353952064929,2951.4339267229498
Model 2: Interaction,200,3441.333333333333,188.35205299589543,3629.685386329229,3252.9812803374375
Model 2: Interaction,400,3924.121212121212,222.32179954471567,4146.443011665928,3701.799412576496
Model 2: Interaction,600,4472.484848484848,338.6267519481977,4811.111600433046,4133.85809653665
Model 2: Interaction,800,4913.212121212121,412.5104044657179,5325.722525677839,4500.701716746403
Model 2: Interaction,1000,5275.030303030304,465.8416792818205,5740.871982312125,4809.188623748483
